nazwa_produktu,opis
Reliable Bench 4180,Łatwy w utrzymaniu czystości i bardzo praktyczny.
Balanced Jacket 5929,Doskonały jako prezent dla bliskiej osoby. wykonany z wysokiej jakości materiałów zapewniających trwałość.
Transparent Monitor 7431,"Lekki, a jednocześnie wyjątkowo solidny."
Robust Bag 3588,"Lekki, a jednocześnie wyjątkowo solidny."
Eco-Conscious Screen 161,Łatwy w utrzymaniu czystości i bardzo praktyczny. łatwy w utrzymaniu czystości i bardzo praktyczny.
Compact Camera 4168,Idealny do codziennego użytku w domu i biurze.
Luxury Jacket 1703,"Wykonany z wysokiej jakości materiałów zapewniających trwałość. lekki, a jednocześnie wyjątkowo solidny."
Advanced Ring 9021,Nowoczesny design pasujący do każdego wnętrza. świetnie sprawdza się w podróży i codziennym użytkowaniu.
Comfortable Phone 8032,"Lekki, a jednocześnie wyjątkowo solidny."
Noise-Cancelling Case 92,"Lekki, a jednocześnie wyjątkowo solidny."
Affordable Cover 9967,Dzięki kompaktowym wymiarom łatwy do przenoszenia.
Smart-Enabled Drone 7378,Doskonały jako prezent dla bliskiej osoby. łatwy w utrzymaniu czystości i bardzo praktyczny.
Premium-Grade Tripod 6363,Nowoczesny design pasujący do każdego wnętrza.
Eco-Safe Mug 6757,"Prosty, ale niezwykle funkcjonalny. prosty, ale niezwykle funkcjonalny."